<?xml version="1.0" encoding="UTF-8"?>
<project-private xmlns="http://www.netbeans.org/ns/project-private/1">
    <editor-bookmarks xmlns="http://www.netbeans.org/ns/editor-bookmarks/2" lastBookmarkId="0"/>
    <open-files xmlns="http://www.netbeans.org/ns/projectui-open-files/2">
        <group>
            <file>file:/C:/Users/ACER/Documents/Kuliah%20USD/Semester%205/Rekayasa%20Perangkat%20Lunak/Project/Khusus%20Kode/EGO3/web/guiAwal.jsp</file>
            <file>file:/C:/Users/ACER/Documents/Kuliah%20USD/Semester%205/Rekayasa%20Perangkat%20Lunak/Project/Khusus%20Kode/EGO3/src/java/For_AllDAO/Dao_Laporan.java</file>
            <file>file:/C:/Users/ACER/Documents/Kuliah%20USD/Semester%205/Rekayasa%20Perangkat%20Lunak/Project/Khusus%20Kode/EGO3/src/java/TryItYourSelf/For_ViewLaporan.java</file>
        </group>
    </open-files>
</project-private>
